res1,res2,atom1,atom2,avg_distance,count
ALA,SER,C,OG,1.41,15
ARG,ASP,N,CG,1.34,4
ARG,GLU,NH2,OE1,1.32,6
ASN,LYS,CG,NZ,1.37,124
ASN,SER,CG,OG,1.44,16
ASP,CYS,CB,SG,1.79,8
ASP,CYS,C,SG,1.89,5
ASP,GLY,CG,N,1.33,12
ASP,LYS,CG,NZ,1.31,17
ASP,LYS,C,NZ,1.44,4
ASP,THR,CG,OG1,1.39,10
CYS,CYS,SG,SG,2.06,131714
CYS,GLU,SG,CG,1.91,4
CYS,GLY,SG,C,1.82,11
CYS,HIS,SG,CE1,1.80,7
CYS,TYR,SG,CE2,1.77,33
GLN,THR,CD,OG1,1.33,9
GLN,TYR,CG,CE1,1.53,4
GLU,GLU,CD,N,1.38,5
GLU,GLY,CD,N,1.34,16
GLU,LYS,CD,NZ,1.49,22
GLY,LYS,C,NZ,1.34,71
GLY,SER,C,OG,1.36,6
HIS,TYR,NE2,CE2,1.37,38
ILE,SER,C,OG,1.41,7
MET,TYR,SD,CE2,1.75,46
SER,TYR,OG,C,1.55,6
